Cluster Composition,Cluster Ancestor,Representative sequence,Scientific Name,Max Score,Total Score,Query Cover,E value,Per. ident,Acc. Len,Accession  
184 member(s) 13 organism(s),enterobacteria,"minor capsid protein, partial [Klebsiella pneumoniae]",Enterobacteriaceae,158,158,80%,4e-47,67.96,127,"=HYPERLINK(""https://www.ncbi.nlm.nih.gov/protein/WP_396326656.1?report=genbank&log$=prottop&blast_rank=1&RID=UZBVEUPP014"",""WP_396326656.1"")"
127 member(s) 8 organism(s),enterobacteria,minor capsid protein [Escherichia albertii],Enterobacteriaceae,180,227,99%,1e-55,79.05,128,"=HYPERLINK(""https://www.ncbi.nlm.nih.gov/protein/WP_256880945.1?report=genbank&log$=prottop&blast_rank=2&RID=UZBVEUPP014"",""WP_256880945.1"")"
91 member(s) 31 organism(s),root,minor capsid protein [Escherichia coli],root,210,256,99%,9e-68,96.15,127,"=HYPERLINK(""https://www.ncbi.nlm.nih.gov/protein/WP_124831680.1?report=genbank&log$=prottop&blast_rank=3&RID=UZBVEUPP014"",""WP_124831680.1"")"
61 member(s) 17 organism(s),enterobacteria,minor capsid protein [Salmonella enterica],Salmonella,196,242,99%,3e-62,83.65,127,"=HYPERLINK(""https://www.ncbi.nlm.nih.gov/protein/WP_079964170.1?report=genbank&log$=prottop&blast_rank=4&RID=UZBVEUPP014"",""WP_079964170.1"")"
33 member(s) 4 organism(s),enterobacteria,"minor capsid protein, partial [Escherichia coli]",Enterobacteriaceae,154,201,87%,1e-45,76.40,112,"=HYPERLINK(""https://www.ncbi.nlm.nih.gov/protein/WP_171868618.1?report=genbank&log$=prottop&blast_rank=5&RID=UZBVEUPP014"",""WP_171868618.1"")"
30 member(s) 7 organism(s),enterobacteria,phage tail terminator protein [Klebsiella quasipneumoniae],Klebsiella,109,109,83%,7e-28,41.51,127,"=HYPERLINK(""https://www.ncbi.nlm.nih.gov/protein/WP_319852973.1?report=genbank&log$=prottop&blast_rank=6&RID=UZBVEUPP014"",""WP_319852973.1"")"
23 member(s) 3 organism(s),enterobacteria,minor capsid protein [Klebsiella oxytoca],Klebsiella,159,159,80%,3e-47,67.96,130,"=HYPERLINK(""https://www.ncbi.nlm.nih.gov/protein/WP_201621198.1?report=genbank&log$=prottop&blast_rank=7&RID=UZBVEUPP014"",""WP_201621198.1"")"
20 member(s) 6 organism(s),enterobacteria,"minor capsid protein, partial [Klebsiella pneumoniae]",Klebsiella,115,115,78%,5e-30,46.00,135,"=HYPERLINK(""https://www.ncbi.nlm.nih.gov/protein/WP_228259226.1?report=genbank&log$=prottop&blast_rank=8&RID=UZBVEUPP014"",""WP_228259226.1"")"
18 member(s) 5 organism(s),enterobacteria,hypothetical protein [Salmonella enterica subsp. enterica serovar Anatum],Salmonella enterica,151,196,80%,1e-44,82.50,103,"=HYPERLINK(""https://www.ncbi.nlm.nih.gov/protein/ECB8751950.1?report=genbank&log$=prottop&blast_rank=9&RID=UZBVEUPP014"",""ECB8751950.1"")"
17 member(s) 3 organism(s),enterobacteria,phage tail terminator protein [Escherichia coli],Enterobacteriaceae,161,161,84%,1e-48,68.52,108,"=HYPERLINK(""https://www.ncbi.nlm.nih.gov/protein/WP_342090076.1?report=genbank&log$=prottop&blast_rank=10&RID=UZBVEUPP014"",""WP_342090076.1"")"
15 member(s) 2 organism(s),enterobacteria,"phage tail terminator protein, partial [Escherichia coli]",Enterobacteriaceae,152,152,70%,2e-45,76.67,90,"=HYPERLINK(""https://www.ncbi.nlm.nih.gov/protein/WP_329809364.1?report=genbank&log$=prottop&blast_rank=11&RID=UZBVEUPP014"",""WP_329809364.1"")"
14 member(s) 3 organism(s),enterobacteria,"minor capsid protein, partial [Klebsiella pneumoniae]",Klebsiella pneumoniae complex,139,139,69%,6e-40,68.54,112,"=HYPERLINK(""https://www.ncbi.nlm.nih.gov/protein/WP_117261555.1?report=genbank&log$=prottop&blast_rank=12&RID=UZBVEUPP014"",""WP_117261555.1"")"
12 member(s) 5 organism(s),proteobacteria,phage tail terminator protein [Klebsiella pneumoniae],Pseudomonadota,119,119,83%,2e-31,45.28,127,"=HYPERLINK(""https://www.ncbi.nlm.nih.gov/protein/WP_077266431.1?report=genbank&log$=prottop&blast_rank=13&RID=UZBVEUPP014"",""WP_077266431.1"")"
11 member(s) 6 organism(s),enterobacteria,minor capsid protein [Enterobacter hormaechei],Enterobacteriaceae,211,258,99%,4e-68,97.12,127,"=HYPERLINK(""https://www.ncbi.nlm.nih.gov/protein/WP_220719734.1?report=genbank&log$=prottop&blast_rank=14&RID=UZBVEUPP014"",""WP_220719734.1"")"
11 member(s) 3 organism(s),enterobacteria,minor capsid protein [Cronobacter sakazakii],Cronobacter,182,229,99%,2e-56,79.81,127,"=HYPERLINK(""https://www.ncbi.nlm.nih.gov/protein/WP_075183882.1?report=genbank&log$=prottop&blast_rank=15&RID=UZBVEUPP014"",""WP_075183882.1"")"
11 member(s) 7 organism(s),enterobacteria,"minor capsid protein, partial [Yersinia pestis]",Enterobacterales,134,181,68%,3e-38,100.00,87,"=HYPERLINK(""https://www.ncbi.nlm.nih.gov/protein/WP_016606832.1?report=genbank&log$=prottop&blast_rank=16&RID=UZBVEUPP014"",""WP_016606832.1"")"
9 member(s) 8 organism(s),enterobacteria,phage tail terminator protein [Escherichia coli],Enterobacterales,132,132,79%,9e-37,57.43,126,"=HYPERLINK(""https://www.ncbi.nlm.nih.gov/protein/WP_272449339.1?report=genbank&log$=prottop&blast_rank=17&RID=UZBVEUPP014"",""WP_272449339.1"")"
9 member(s) 2 organism(s),enterobacteria,"minor capsid protein, partial [Escherichia coli]",Enterobacteriaceae,120,167,72%,1e-32,76.81,92,"=HYPERLINK(""https://www.ncbi.nlm.nih.gov/protein/WP_228940817.1?report=genbank&log$=prottop&blast_rank=18&RID=UZBVEUPP014"",""WP_228940817.1"")"
9 member(s) 5 organism(s),enterobacteria,MULTISPECIES: phage tail terminator protein [Providencia],Providencia,95.9,95.9,79%,2e-22,41.18,126,"=HYPERLINK(""https://www.ncbi.nlm.nih.gov/protein/WP_136134606.1?report=genbank&log$=prottop&blast_rank=19&RID=UZBVEUPP014"",""WP_136134606.1"")"
8 member(s) 4 organism(s),enterobacteria,"minor capsid protein, partial [Yersinia pestis]",Enterobacterales,215,215,81%,6e-70,100.00,107,"=HYPERLINK(""https://www.ncbi.nlm.nih.gov/protein/WP_025470931.1?report=genbank&log$=prottop&blast_rank=20&RID=UZBVEUPP014"",""WP_025470931.1"")"
8 member(s) 2 organism(s),enterobacteria,minor capsid protein [Shigella sonnei],Enterobacteriaceae,158,203,88%,3e-47,77.78,113,"=HYPERLINK(""https://www.ncbi.nlm.nih.gov/protein/WP_094319905.1?report=genbank&log$=prottop&blast_rank=21&RID=UZBVEUPP014"",""WP_094319905.1"")"
8 member(s) 1 organism(s),enterobacteria,"phage tail terminator protein, partial [Klebsiella pneumoniae]",Klebsiella pneumoniae,147,147,76%,4e-43,67.35,102,"=HYPERLINK(""https://www.ncbi.nlm.nih.gov/protein/WP_277154789.1?report=genbank&log$=prottop&blast_rank=22&RID=UZBVEUPP014"",""WP_277154789.1"")"
7 member(s) 4 organism(s),enterobacteria,minor capsid protein [Enterobacter cancerogenus],Enterobacteriaceae,184,229,99%,3e-57,79.81,128,"=HYPERLINK(""https://www.ncbi.nlm.nih.gov/protein/WP_313830406.1?report=genbank&log$=prottop&blast_rank=23&RID=UZBVEUPP014"",""WP_313830406.1"")"
7 member(s) 2 organism(s),enterobacteria,"minor capsid protein, partial [Klebsiella pneumoniae]",Klebsiella pneumoniae complex,98.6,98.6,48%,5e-24,69.35,86,"=HYPERLINK(""https://www.ncbi.nlm.nih.gov/protein/WP_289450154.1?report=genbank&log$=prottop&blast_rank=24&RID=UZBVEUPP014"",""WP_289450154.1"")"
7 member(s) 1 organism(s),E. coli,"phage tail terminator protein, partial [Escherichia coli]",Escherichia coli,68.9,113,44%,5e-16,80.00,58,"=HYPERLINK(""https://www.ncbi.nlm.nih.gov/protein/WP_268652399.1?report=genbank&log$=prottop&blast_rank=25&RID=UZBVEUPP014"",""WP_268652399.1"")"
7 member(s) 1 organism(s),enterobacteria,"phage tail terminator protein, partial [Klebsiella pneumoniae]",Klebsiella pneumoniae,73.2,108,50%,2e-14,73.17,64,"=HYPERLINK(""https://www.ncbi.nlm.nih.gov/protein/WP_323849595.1?report=genbank&log$=prottop&blast_rank=26&RID=UZBVEUPP014"",""WP_323849595.1"")"
6 member(s) 1 organism(s),E. coli,hypothetical protein [Escherichia coli],Escherichia coli,121,121,56%,4e-33,77.78,75,"=HYPERLINK(""https://www.ncbi.nlm.nih.gov/protein/MCZ5371450.1?report=genbank&log$=prottop&blast_rank=27&RID=UZBVEUPP014"",""MCZ5371450.1"")"
6 member(s) 3 organism(s),enterobacteria,hypothetical protein [Klebsiella pneumoniae],Klebsiella pneumoniae complex,112,112,57%,9e-30,68.49,77,"=HYPERLINK(""https://www.ncbi.nlm.nih.gov/protein/HFS6850573.1?report=genbank&log$=prottop&blast_rank=28&RID=UZBVEUPP014"",""HFS6850573.1"")"
6 member(s) 3 organism(s),enterobacteria,minor capsid protein [Klebsiella aerogenes],Klebsiella,114,114,78%,1e-29,46.00,126,"=HYPERLINK(""https://www.ncbi.nlm.nih.gov/protein/WP_228710079.1?report=genbank&log$=prottop&blast_rank=29&RID=UZBVEUPP014"",""WP_228710079.1"")"
5 member(s) 4 organism(s),root,MULTISPECIES: phage tail terminator protein [Klebsiella],root,121,121,78%,2e-32,46.00,126,"=HYPERLINK(""https://www.ncbi.nlm.nih.gov/protein/WP_047719659.1?report=genbank&log$=prottop&blast_rank=30&RID=UZBVEUPP014"",""WP_047719659.1"")"
5 member(s) 2 organism(s),enterobacteria,"minor capsid protein, partial [Yersinia pestis]",Enterobacterales,102,149,55%,9e-27,100.00,71,"=HYPERLINK(""https://www.ncbi.nlm.nih.gov/protein/WP_019250667.1?report=genbank&log$=prottop&blast_rank=31&RID=UZBVEUPP014"",""WP_019250667.1"")"
5 member(s) 2 organism(s),enterobacteria,minor capsid protein [Xenorhabdus hominickii],Xenorhabdus,104,104,81%,6e-26,44.23,128,"=HYPERLINK(""https://www.ncbi.nlm.nih.gov/protein/WP_099139911.1?report=genbank&log$=prottop&blast_rank=32&RID=UZBVEUPP014"",""WP_099139911.1"")"
5 member(s) 3 organism(s),enterobacteria,minor capsid protein [Xenorhabdus sp. KJ12.1],Xenorhabdus,94.7,94.7,79%,5e-22,41.18,128,"=HYPERLINK(""https://www.ncbi.nlm.nih.gov/protein/WP_099110288.1?report=genbank&log$=prottop&blast_rank=33&RID=UZBVEUPP014"",""WP_099110288.1"")"
4 member(s) 3 organism(s),bacteria,"minor capsid protein, partial [Yersinia pestis]",Bacteria,194,194,74%,7e-62,100.00,95,"=HYPERLINK(""https://www.ncbi.nlm.nih.gov/protein/WP_016594713.1?report=genbank&log$=prottop&blast_rank=34&RID=UZBVEUPP014"",""WP_016594713.1"")"
4 member(s) 3 organism(s),enterobacteria,MULTISPECIES: minor capsid protein [Klebsiella],Klebsiella,98.2,98.2,83%,2e-23,46.23,124,"=HYPERLINK(""https://www.ncbi.nlm.nih.gov/protein/WP_284127691.1?report=genbank&log$=prottop&blast_rank=35&RID=UZBVEUPP014"",""WP_284127691.1"")"
4 member(s) 1 organism(s),enterobacteria,minor capsid protein [Klebsiella pneumoniae],Klebsiella pneumoniae,92.8,92.8,44%,9e-22,71.43,79,"=HYPERLINK(""https://www.ncbi.nlm.nih.gov/protein/MFH7098096.1?report=genbank&log$=prottop&blast_rank=36&RID=UZBVEUPP014"",""MFH7098096.1"")"
4 member(s) 1 organism(s),enterobacteria,minor capsid protein [Moellerella wisconsensis],Moellerella wisconsensis,90.1,90.1,79%,4e-20,39.22,128,"=HYPERLINK(""https://www.ncbi.nlm.nih.gov/protein/WP_241545184.1?report=genbank&log$=prottop&blast_rank=37&RID=UZBVEUPP014"",""WP_241545184.1"")"
4 member(s) 2 organism(s),enterobacteria,"phage tail terminator protein, partial [Yersinia pestis]",Enterobacterales,61.2,108,39%,2e-14,100.00,50,"=HYPERLINK(""https://www.ncbi.nlm.nih.gov/protein/WP_016603560.1?report=genbank&log$=prottop&blast_rank=38&RID=UZBVEUPP014"",""WP_016603560.1"")"
4 member(s) 1 organism(s),enterobacteria,"minor capsid protein, partial [Klebsiella pneumoniae]",Klebsiella pneumoniae,63.5,98.6,46%,1e-11,72.22,59,"=HYPERLINK(""https://www.ncbi.nlm.nih.gov/protein/WP_227645226.1?report=genbank&log$=prottop&blast_rank=39&RID=UZBVEUPP014"",""WP_227645226.1"")"
3 member(s) 1 organism(s),E. coli,minor capsid protein [Escherichia coli],Escherichia coli,185,232,99%,1e-57,80.77,127,"=HYPERLINK(""https://www.ncbi.nlm.nih.gov/protein/WP_001405042.1?report=genbank&log$=prottop&blast_rank=40&RID=UZBVEUPP014"",""WP_001405042.1"")"
3 member(s) 3 organism(s),enterobacteria,"phage tail terminator protein, partial [Yersinia pestis]",Enterobacterales,143,143,55%,6e-42,100.00,70,"=HYPERLINK(""https://www.ncbi.nlm.nih.gov/protein/WP_016591305.1?report=genbank&log$=prottop&blast_rank=41&RID=UZBVEUPP014"",""WP_016591305.1"")"
3 member(s) 1 organism(s),enterobacteria,"hypothetical protein, partial [Klebsiella pneumoniae]",Klebsiella pneumoniae,131,131,67%,4e-37,68.60,86,"=HYPERLINK(""https://www.ncbi.nlm.nih.gov/protein/WP_200853030.1?report=genbank&log$=prottop&blast_rank=42&RID=UZBVEUPP014"",""WP_200853030.1"")"
3 member(s) 3 organism(s),enterobacteria,Uncharacterised protein [Salmonella enterica subsp. enterica serovar Typhi],Enterobacterales,103,103,39%,1e-26,98.00,50,"=HYPERLINK(""https://www.ncbi.nlm.nih.gov/protein/CHL94870.1?report=genbank&log$=prottop&blast_rank=43&RID=UZBVEUPP014"",""CHL94870.1"")"
3 member(s) 1 organism(s),E. coli,hypothetical protein [Escherichia coli],Escherichia coli,103,103,49%,5e-26,77.78,63,"=HYPERLINK(""https://www.ncbi.nlm.nih.gov/protein/MEX1716932.1?report=genbank&log$=prottop&blast_rank=44&RID=UZBVEUPP014"",""MEX1716932.1"")"
3 member(s) 3 organism(s),enterobacteria,minor capsid protein [Xenorhabdus szentirmaii],Xenorhabdus,99.8,99.8,81%,7e-24,41.35,130,"=HYPERLINK(""https://www.ncbi.nlm.nih.gov/protein/WP_143707592.1?report=genbank&log$=prottop&blast_rank=45&RID=UZBVEUPP014"",""WP_143707592.1"")"
3 member(s) 2 organism(s),enterobacteria,minor capsid protein [Shigella sonnei],Enterobacteriaceae,89.7,135,59%,1e-22,71.70,76,"=HYPERLINK(""https://www.ncbi.nlm.nih.gov/protein/EOZ8747949.1?report=genbank&log$=prottop&blast_rank=46&RID=UZBVEUPP014"",""EOZ8747949.1"")"
3 member(s) 1 organism(s),enterobacteria,hypothetical protein [Klebsiella pneumoniae],Klebsiella pneumoniae,94.0,94.0,50%,2e-22,65.62,68,"=HYPERLINK(""https://www.ncbi.nlm.nih.gov/protein/HEN9776242.1?report=genbank&log$=prottop&blast_rank=47&RID=UZBVEUPP014"",""HEN9776242.1"")"
3 member(s) 2 organism(s),enterobacteria,hypothetical protein [Escherichia coli],Enterobacteriaceae,83.2,83.2,35%,2e-18,84.44,45,"=HYPERLINK(""https://www.ncbi.nlm.nih.gov/protein/HGF4819228.1?report=genbank&log$=prottop&blast_rank=48&RID=UZBVEUPP014"",""HGF4819228.1"")"
3 member(s) 1 organism(s),E. coli,hypothetical protein [Escherichia coli],Escherichia coli,72.0,72.0,29%,5e-14,83.78,37,"=HYPERLINK(""https://www.ncbi.nlm.nih.gov/protein/QRN76050.1?report=genbank&log$=prottop&blast_rank=49&RID=UZBVEUPP014"",""QRN76050.1"")"
3 member(s) 2 organism(s),enterobacteria,minor capsid protein [Klebsiella pneumoniae],Klebsiella pneumoniae,69.3,69.3,58%,2e-12,40.54,95,"=HYPERLINK(""https://www.ncbi.nlm.nih.gov/protein/HHD2873128.1?report=genbank&log$=prottop&blast_rank=50&RID=UZBVEUPP014"",""HHD2873128.1"")"
3 member(s) 1 organism(s),E. coli,hypothetical protein [Escherichia coli],Escherichia coli,47.0,84.3,31%,2e-07,95.65,40,"=HYPERLINK(""https://www.ncbi.nlm.nih.gov/protein/HGC4962979.1?report=genbank&log$=prottop&blast_rank=51&RID=UZBVEUPP014"",""HGC4962979.1"")"
2 member(s) 1 organism(s),enterobacteria,hypothetical protein [Salmonella enterica subsp. enterica serovar Eko],Salmonella enterica subsp. enterica serovar Eko,125,168,71%,1e-34,80.88,91,"=HYPERLINK(""https://www.ncbi.nlm.nih.gov/protein/ECV2402436.1?report=genbank&log$=prottop&blast_rank=52&RID=UZBVEUPP014"",""ECV2402436.1"")"
2 member(s) 1 organism(s),enterobacteria,hypothetical protein [Salmonella enterica],Salmonella enterica,119,165,62%,3e-32,98.25,80,"=HYPERLINK(""https://www.ncbi.nlm.nih.gov/protein/EHT6055109.1?report=genbank&log$=prottop&blast_rank=53&RID=UZBVEUPP014"",""EHT6055109.1"")"
2 member(s) 2 organism(s),enterobacteria,minor capsid protein [Klebsiella grimontii],Klebsiella,117,117,83%,7e-31,42.45,126,"=HYPERLINK(""https://www.ncbi.nlm.nih.gov/protein/WP_256682402.1?report=genbank&log$=prottop&blast_rank=54&RID=UZBVEUPP014"",""WP_256682402.1"")"
2 member(s) 1 organism(s),enterobacteria,phage tail terminator protein [Klebsiella pneumoniae],Klebsiella pneumoniae,116,116,78%,2e-30,47.00,126,"=HYPERLINK(""https://www.ncbi.nlm.nih.gov/protein/EPJ5021548.1?report=genbank&log$=prottop&blast_rank=55&RID=UZBVEUPP014"",""EPJ5021548.1"")"
2 member(s) 2 organism(s),enterobacteria,Uncharacterised protein [Klebsiella pneumoniae],Klebsiella pneumoniae complex,115,115,78%,3e-30,46.00,119,"=HYPERLINK(""https://www.ncbi.nlm.nih.gov/protein/SAW28104.1?report=genbank&log$=prottop&blast_rank=56&RID=UZBVEUPP014"",""SAW28104.1"")"
2 member(s) 2 organism(s),enterobacteria,minor capsid protein [Klebsiella planticola],Klebsiella,100,100,81%,2e-24,42.31,127,"=HYPERLINK(""https://www.ncbi.nlm.nih.gov/protein/HGH5398752.1?report=genbank&log$=prottop&blast_rank=57&RID=UZBVEUPP014"",""HGH5398752.1"")"
2 member(s) 1 organism(s),enterobacteria,"minor capsid protein, partial [Klebsiella pneumoniae]",Klebsiella pneumoniae,99.0,99.0,47%,4e-24,71.67,81,"=HYPERLINK(""https://www.ncbi.nlm.nih.gov/protein/WP_228296867.1?report=genbank&log$=prottop&blast_rank=58&RID=UZBVEUPP014"",""WP_228296867.1"")"
2 member(s) 1 organism(s),enterobacteria,phage tail terminator protein [Pectobacterium carotovorum],Pectobacterium carotovorum,95.5,95.5,97%,2e-22,35.48,128,"=HYPERLINK(""https://www.ncbi.nlm.nih.gov/protein/WP_181374649.1?report=genbank&log$=prottop&blast_rank=59&RID=UZBVEUPP014"",""WP_181374649.1"")"
2 member(s) 2 organism(s),enterobacteria,phage tail terminator protein [Morganella psychrotolerans],Morganella,84.0,84.0,85%,8e-18,34.86,126,"=HYPERLINK(""https://www.ncbi.nlm.nih.gov/protein/WP_067370676.1?report=genbank&log$=prottop&blast_rank=60&RID=UZBVEUPP014"",""WP_067370676.1"")"
2 member(s) 2 organism(s),enterobacteria,hypothetical protein [Klebsiella variicola subsp. variicola],Klebsiella pneumoniae complex,81.6,81.6,44%,1e-17,63.16,61,"=HYPERLINK(""https://www.ncbi.nlm.nih.gov/protein/HGW6818178.1?report=genbank&log$=prottop&blast_rank=61&RID=UZBVEUPP014"",""HGW6818178.1"")"
2 member(s) 1 organism(s),E. coli,"phage tail terminator protein, partial [Escherichia coli]",Escherichia coli,60.1,107,41%,4e-14,82.76,52,"=HYPERLINK(""https://www.ncbi.nlm.nih.gov/protein/WP_426883082.1?report=genbank&log$=prottop&blast_rank=62&RID=UZBVEUPP014"",""WP_426883082.1"")"
2 member(s) 1 organism(s),g-proteobacteria,minor capsid protein [Photobacterium ganghwense],Photobacterium ganghwense,69.7,69.7,79%,3e-12,34.31,126,"=HYPERLINK(""https://www.ncbi.nlm.nih.gov/protein/WP_207104134.1?report=genbank&log$=prottop&blast_rank=63&RID=UZBVEUPP014"",""WP_207104134.1"")"
2 member(s) 1 organism(s),E. coli,hypothetical protein [Escherichia coli],Escherichia coli,47.0,92.8,35%,6e-10,90.91,45,"=HYPERLINK(""https://www.ncbi.nlm.nih.gov/protein/HFI8359153.1?report=genbank&log$=prottop&blast_rank=64&RID=UZBVEUPP014"",""HFI8359153.1"")"
2 member(s) 1 organism(s),g-proteobacteria,phage tail terminator protein [Vreelandella sulfidaeris],Vreelandella sulfidaeris,59.7,59.7,80%,2e-08,30.10,130,"=HYPERLINK(""https://www.ncbi.nlm.nih.gov/protein/WP_457508535.1?report=genbank&log$=prottop&blast_rank=65&RID=UZBVEUPP014"",""WP_457508535.1"")"
1 member(s) 1 organism(s),CDC Enteric Group 75,hypothetical protein [Enterobacter hormaechei],Enterobacter hormaechei,192,236,99%,1e-60,84.62,127,"=HYPERLINK(""https://www.ncbi.nlm.nih.gov/protein/ENO7467585.1?report=genbank&log$=prottop&blast_rank=66&RID=UZBVEUPP014"",""ENO7467585.1"")"
1 member(s) 1 organism(s),enterobacteria,minor capsid protein [Buttiauxella sp. WJP83],Buttiauxella sp. WJP83,192,237,99%,1e-60,84.62,127,"=HYPERLINK(""https://www.ncbi.nlm.nih.gov/protein/WP_270146268.1?report=genbank&log$=prottop&blast_rank=67&RID=UZBVEUPP014"",""WP_270146268.1"")"
1 member(s) 1 organism(s),enterobacteria,minor capsid protein [Escherichia fergusonii],Escherichia fergusonii,190,236,99%,9e-60,81.73,127,"=HYPERLINK(""https://www.ncbi.nlm.nih.gov/protein/WP_046083842.1?report=genbank&log$=prottop&blast_rank=68&RID=UZBVEUPP014"",""WP_046083842.1"")"
1 member(s) 1 organism(s),enterobacteria,MULTISPECIES: minor capsid protein [Citrobacter],Citrobacter,182,182,81%,1e-56,79.81,127,"=HYPERLINK(""https://www.ncbi.nlm.nih.gov/protein/WP_130097770.1?report=genbank&log$=prottop&blast_rank=69&RID=UZBVEUPP014"",""WP_130097770.1"")"
1 member(s) 1 organism(s),E. coli,hypothetical protein [Escherichia coli],Escherichia coli,176,176,81%,2e-54,75.96,128,"=HYPERLINK(""https://www.ncbi.nlm.nih.gov/protein/ELD1608237.1?report=genbank&log$=prottop&blast_rank=70&RID=UZBVEUPP014"",""ELD1608237.1"")"
1 member(s) 1 organism(s),enterobacteria,"phage tail terminator protein, partial [Yersinia pestis]",Yersinia pestis,174,174,65%,7e-54,100.00,84,"=HYPERLINK(""https://www.ncbi.nlm.nih.gov/protein/WP_038929065.1?report=genbank&log$=prottop&blast_rank=71&RID=UZBVEUPP014"",""WP_038929065.1"")"
1 member(s) 1 organism(s),enterobacteria,minor capsid protein [Klebsiella pneumoniae],Klebsiella pneumoniae,164,164,80%,2e-49,70.87,145,"=HYPERLINK(""https://www.ncbi.nlm.nih.gov/protein/HGO5655653.1?report=genbank&log$=prottop&blast_rank=72&RID=UZBVEUPP014"",""HGO5655653.1"")"
1 member(s) 1 organism(s),enterobacteria,Uncharacterised protein [Klebsiella pneumoniae],Klebsiella pneumoniae,159,159,80%,3e-45,67.96,288,"=HYPERLINK(""https://www.ncbi.nlm.nih.gov/protein/STW60505.1?report=genbank&log$=prottop&blast_rank=73&RID=UZBVEUPP014"",""STW60505.1"")"
1 member(s) 1 organism(s),enterobacteria,"minor capsid protein, partial [Yersinia pestis]",Yersinia pestis,133,133,50%,7e-38,100.00,74,"=HYPERLINK(""https://www.ncbi.nlm.nih.gov/protein/WP_016595720.1?report=genbank&log$=prottop&blast_rank=74&RID=UZBVEUPP014"",""WP_016595720.1"")"
1 member(s) 1 organism(s),E. coli,phage tail terminator protein [Escherichia coli],Escherichia coli,131,131,69%,4e-35,71.91,221,"=HYPERLINK(""https://www.ncbi.nlm.nih.gov/protein/WP_411512150.1?report=genbank&log$=prottop&blast_rank=75&RID=UZBVEUPP014"",""WP_411512150.1"")"
1 member(s) 1 organism(s),enterobacteria,minor capsid protein [Klebsiella pneumoniae],Klebsiella pneumoniae,126,126,63%,5e-35,69.14,81,"=HYPERLINK(""https://www.ncbi.nlm.nih.gov/protein/MEI4927446.1?report=genbank&log$=prottop&blast_rank=76&RID=UZBVEUPP014"",""MEI4927446.1"")"
1 member(s) 1 organism(s),E. coli,"minor capsid protein, partial [Escherichia coli]",Escherichia coli,125,125,55%,2e-34,77.46,83,"=HYPERLINK(""https://www.ncbi.nlm.nih.gov/protein/WP_337453937.1?report=genbank&log$=prottop&blast_rank=77&RID=UZBVEUPP014"",""WP_337453937.1"")"
1 member(s) 1 organism(s),enterobacteria,minor capsid protein [Cronobacter sakazakii],Cronobacter sakazakii,106,153,78%,6e-28,66.23,126,"=HYPERLINK(""https://www.ncbi.nlm.nih.gov/protein/WP_219845653.1?report=genbank&log$=prottop&blast_rank=78&RID=UZBVEUPP014"",""WP_219845653.1"")"
1 member(s) 1 organism(s),enterobacteria,minor capsid protein [Klebsiella aerogenes],Klebsiella aerogenes,109,109,78%,1e-27,43.00,126,"=HYPERLINK(""https://www.ncbi.nlm.nih.gov/protein/HGL3854464.1?report=genbank&log$=prottop&blast_rank=79&RID=UZBVEUPP014"",""HGL3854464.1"")"
1 member(s) 1 organism(s),enterobacteria,hypothetical protein [Klebsiella variicola],Klebsiella variicola,108,108,78%,2e-27,40.00,126,"=HYPERLINK(""https://www.ncbi.nlm.nih.gov/protein/HHT4259126.1?report=genbank&log$=prottop&blast_rank=80&RID=UZBVEUPP014"",""HHT4259126.1"")"
1 member(s) 1 organism(s),enterobacteria,hypothetical protein HJX06_26075 [Klebsiella pneumoniae],Klebsiella pneumoniae,107,107,65%,2e-27,61.45,101,"=HYPERLINK(""https://www.ncbi.nlm.nih.gov/protein/QJK83856.1?report=genbank&log$=prottop&blast_rank=81&RID=UZBVEUPP014"",""QJK83856.1"")"
1 member(s) 1 organism(s),enterobacteria,hypothetical protein [Salmonella enterica],Salmonella enterica,103,146,61%,3e-26,81.82,78,"=HYPERLINK(""https://www.ncbi.nlm.nih.gov/protein/EAW6536983.1?report=genbank&log$=prottop&blast_rank=82&RID=UZBVEUPP014"",""EAW6536983.1"")"
1 member(s) 1 organism(s),enterobacteria,minor capsid protein [Klebsiella pneumoniae],Klebsiella pneumoniae,102,102,81%,8e-25,45.19,130,"=HYPERLINK(""https://www.ncbi.nlm.nih.gov/protein/MCJ8600990.1?report=genbank&log$=prottop&blast_rank=83&RID=UZBVEUPP014"",""MCJ8600990.1"")"
1 member(s) 1 organism(s),enterobacteria,minor capsid protein [Providencia rettgeri],Providencia rettgeri,96.3,96.3,97%,1e-22,36.29,126,"=HYPERLINK(""https://www.ncbi.nlm.nih.gov/protein/MEW2741563.1?report=genbank&log$=prottop&blast_rank=84&RID=UZBVEUPP014"",""MEW2741563.1"")"
1 member(s) 1 organism(s),enterobacteria,hypothetical protein [Klebsiella pneumoniae],Klebsiella pneumoniae,76.3,76.3,57%,2e-15,39.73,73,"=HYPERLINK(""https://www.ncbi.nlm.nih.gov/protein/HBX7219542.1?report=genbank&log$=prottop&blast_rank=85&RID=UZBVEUPP014"",""HBX7219542.1"")"
1 member(s) 1 organism(s),proteobacteria,minor capsid protein [Pseudomonadota bacterium],Pseudomonadota bacterium,74.7,74.7,73%,3e-14,36.17,127,"=HYPERLINK(""https://www.ncbi.nlm.nih.gov/protein/MEE3154025.1?report=genbank&log$=prottop&blast_rank=86&RID=UZBVEUPP014"",""MEE3154025.1"")"
1 member(s) 1 organism(s),enterobacteria,phage tail terminator protein [Providencia hangzhouensis],Providencia hangzhouensis,71.6,71.6,62%,4e-13,39.24,108,"=HYPERLINK(""https://www.ncbi.nlm.nih.gov/protein/WP_369104118.1?report=genbank&log$=prottop&blast_rank=87&RID=UZBVEUPP014"",""WP_369104118.1"")"
1 member(s) 1 organism(s),a-proteobacteria,phage tail terminator protein [Sphingomonas sp. NFR04],Sphingomonas sp. NFR04,69.3,69.3,79%,5e-12,33.66,127,"=HYPERLINK(""https://www.ncbi.nlm.nih.gov/protein/WP_093294911.1?report=genbank&log$=prottop&blast_rank=88&RID=UZBVEUPP014"",""WP_093294911.1"")"
1 member(s) 1 organism(s),a-proteobacteria,minor capsid protein [Sphingomonas melonis],Sphingomonas melonis,68.6,68.6,71%,1e-11,35.16,131,"=HYPERLINK(""https://www.ncbi.nlm.nih.gov/protein/WP_375292222.1?report=genbank&log$=prottop&blast_rank=89&RID=UZBVEUPP014"",""WP_375292222.1"")"
1 member(s) 1 organism(s),g-proteobacteria,minor capsid protein [Acinetobacter nosocomialis],Acinetobacter nosocomialis,67.4,67.4,76%,3e-11,34.69,128,"=HYPERLINK(""https://www.ncbi.nlm.nih.gov/protein/HIJ2225912.1?report=genbank&log$=prottop&blast_rank=90&RID=UZBVEUPP014"",""HIJ2225912.1"")"
1 member(s) 1 organism(s),g-proteobacteria,minor capsid protein [Halomonas sp. BMC6],Halomonas sp. BMC6,65.5,65.5,79%,2e-10,34.31,128,"=HYPERLINK(""https://www.ncbi.nlm.nih.gov/protein/WP_339118973.1?report=genbank&log$=prottop&blast_rank=91&RID=UZBVEUPP014"",""WP_339118973.1"")"
1 member(s) 1 organism(s),enterobacteria,hypothetical protein [Klebsiella pneumoniae],Klebsiella pneumoniae,62.8,62.8,28%,2e-10,72.22,40,"=HYPERLINK(""https://www.ncbi.nlm.nih.gov/protein/MCD9436694.1?report=genbank&log$=prottop&blast_rank=92&RID=UZBVEUPP014"",""MCD9436694.1"")"
1 member(s) 1 organism(s),a-proteobacteria,minor capsid protein [Methylorubrum extorquens],Methylorubrum extorquens,63.9,63.9,79%,7e-10,33.64,132,"=HYPERLINK(""https://www.ncbi.nlm.nih.gov/protein/WP_253399758.1?report=genbank&log$=prottop&blast_rank=93&RID=UZBVEUPP014"",""WP_253399758.1"")"
1 member(s) 1 organism(s),g-proteobacteria,hypothetical protein [Piscirickettsiaceae bacterium],Piscirickettsiaceae bacterium,62.0,62.0,75%,3e-09,36.08,127,"=HYPERLINK(""https://www.ncbi.nlm.nih.gov/protein/NQZ53219.1?report=genbank&log$=prottop&blast_rank=94&RID=UZBVEUPP014"",""NQZ53219.1"")"
1 member(s) 1 organism(s),enterobacteria,minor capsid protein [Providencia manganoxydans],Providencia manganoxydans,60.8,60.8,55%,6e-09,38.57,117,"=HYPERLINK(""https://www.ncbi.nlm.nih.gov/protein/MEX6316110.1?report=genbank&log$=prottop&blast_rank=95&RID=UZBVEUPP014"",""MEX6316110.1"")"
1 member(s) 1 organism(s),E. coli,hypothetical protein [Escherichia coli],Escherichia coli,58.5,58.5,23%,8e-09,83.33,30,"=HYPERLINK(""https://www.ncbi.nlm.nih.gov/protein/HHG9326106.1?report=genbank&log$=prottop&blast_rank=96&RID=UZBVEUPP014"",""HHG9326106.1"")"
1 member(s) 1 organism(s),enterobacteria,hypothetical protein [Klebsiella pneumoniae],Klebsiella pneumoniae,55.5,55.5,38%,2e-07,44.90,51,"=HYPERLINK(""https://www.ncbi.nlm.nih.gov/protein/WP_158609935.1?report=genbank&log$=prottop&blast_rank=97&RID=UZBVEUPP014"",""WP_158609935.1"")"
1 member(s) 1 organism(s),enterobacteria,minor capsid protein [Klebsiella pneumoniae],Klebsiella pneumoniae,48.9,83.9,37%,2e-07,83.33,48,"=HYPERLINK(""https://www.ncbi.nlm.nih.gov/protein/MCP6060215.1?report=genbank&log$=prottop&blast_rank=98&RID=UZBVEUPP014"",""MCP6060215.1"")"
1 member(s) 1 organism(s),a-proteobacteria,phage tail terminator protein [Methylobacterium sp. AMS5],Methylobacterium sp. AMS5,56.2,56.2,79%,6e-07,36.61,133,"=HYPERLINK(""https://www.ncbi.nlm.nih.gov/protein/WP_060772480.1?report=genbank&log$=prottop&blast_rank=99&RID=UZBVEUPP014"",""WP_060772480.1"")"
1 member(s) 1 organism(s),enterobacteria,hypothetical protein YpF1991016_2825 [Yersinia pestis biovar Orientalis str. F1991016],Yersinia pestis biovar Orientalis str. F1991016,53.9,103,37%,7e-07,96.00,52,"=HYPERLINK(""https://www.ncbi.nlm.nih.gov/protein/EDR36833.1?report=genbank&log$=prottop&blast_rank=100&RID=UZBVEUPP014"",""EDR36833.1"")"



		


